tahun,tipe_pengguna,durasi_perjalanan
2020,casual,95.83188525
2020,member,12.67548169
2019,casual,61.94288305
2019,member,13.89391821